iter,loss,best,lam,force,beta,h16,h32,h64,h128,secs
0,0.016179,0.016179,-0.059,11.96,0.351,0.015421,0.012310,0.012176,0.013855,3
100,0.007171,0.007008,-0.018,13.37,0.406,0.007359,0.006569,0.008717,0.014354,174
200,0.006933,0.006214,-0.025,13.56,0.410,0.007309,0.006771,0.006989,0.008298,328
300,0.006643,0.006083,-0.034,13.90,0.424,0.006821,0.005679,0.006101,0.008237,497
400,0.006578,0.005603,0.064,14.14,0.421,0.006516,0.007055,0.009209,0.010862,658
500,0.005976,0.005022,0.021,13.98,0.417,0.006029,0.005408,0.006276,0.007249,827
600,0.006253,0.005022,0.074,14.17,0.410,0.006103,0.005402,0.006033,0.008321,999
700,0.005000,0.004322,-0.004,14.62,0.415,0.005395,0.004823,0.006950,0.009586,1170
800,0.004830,0.004322,0.054,14.85,0.420,0.004964,0.004234,0.005333,0.008684,1337
